ID,median_house_value
1,119590.688950
2,137055.010840
3,308752.928238
4,221417.455910
5,208771.805162
6,146357.831699
7,188038.932024
8,271005.262813
9,268402.719307
10,142971.686907
11,157387.132582
12,212341.230881
13,149490.633177
14,189259.368580
15,162252.811383
16,111949.350144
17,177281.635794
18,211395.162541
19,105513.982326
20,189384.476624
21,169625.393504
22,281992.368208
23,115369.356355
24,336963.866289
25,360064.299873
26,189542.954972
27,267609.469152
28,271108.063356
29,165402.705635
30,343509.919361
31,157180.640149
32,411922.928199
33,295315.510340
34,145370.780229
35,337657.868692
36,181262.855705
37,147710.791618
38,225883.210417
39,262131.057252
40,143036.460036
41,143856.293450
42,192291.517450
43,187160.347786
44,284283.996100
45,143160.453887
46,260492.036025
47,153191.294722
48,243696.177506
49,388707.274475
50,278588.537519
51,203872.055844
52,171682.385960
53,169216.768171
54,209468.134088
55,136819.771827
56,289257.434758
57,161600.499896
58,146801.247769
59,203642.665776
60,99612.410645
61,299203.495001
62,171204.807511
63,232639.525076
64,170746.835874
65,174971.873902
66,201552.441020
67,208262.686311
68,227337.778121
69,148499.200482
70,205432.364126
71,106064.460325
72,233126.393279
73,267884.264707
74,291683.013742
75,115798.390898
76,411978.363180
77,288712.298366
78,265069.934009
79,139272.864707
80,85973.293718
81,241273.453330
82,149783.759968
83,151470.072648
84,211619.857977
85,237845.027604
86,249344.617444
87,205548.875103
88,327831.072317
89,202338.737456
90,269293.847863
91,158267.696279
92,115765.604601
93,200858.088755
94,291730.570058
95,181849.242968
96,146867.623122
97,145614.745349
98,300477.406877
99,199473.630864
100,211133.844195
101,126020.310673
102,236684.745571
103,136153.833348
104,272630.834673
105,331625.766176
106,229587.904868
107,371949.037787
108,226918.748963
109,220179.450748
110,236466.357040
111,191440.010811
112,196185.150050
113,244173.307109
114,230096.513498
115,205592.061275
116,332076.345677
117,157916.756875
118,142696.085224
119,187880.051758
120,237869.928361
121,89179.171906
122,141997.775901
123,206926.269916
124,401516.845963
125,231772.191601
126,127753.454255
127,387865.207237
128,112803.580224
129,126473.080212
130,183981.350797
131,249676.787013
132,272081.111296
133,180021.155301
134,347724.945696
135,255907.828133
136,220126.799395
137,206268.545474
138,133178.651120
139,191433.294240
140,153829.576345
141,195743.660289
142,162969.924416
143,339104.906694
144,178628.544255
145,155692.056634
146,107161.284404
147,238991.806153
148,105150.302578
149,153597.980221
150,64098.634690
151,116202.242783
152,234681.768302
153,185187.170731
154,96289.965456
155,730621.500897
156,182262.842387
157,228099.982134
158,98052.289586
159,474743.613640
160,212048.066914
161,92343.154596
162,149273.189558
163,216650.168272
164,172695.643324
165,375274.069555
166,227977.846852
167,163170.955287
168,174780.680982
169,195112.566605
170,198124.334752
171,300665.845188
172,145917.201425
173,334581.805147
174,121624.462707
175,230430.764240
176,118488.209951
177,335419.164543
178,172528.470157
179,149391.033157
180,124195.897296
181,81236.058851
182,218021.114501
183,133095.462117
184,166472.068218
185,283008.434816
186,135219.194804
187,217970.308763
188,142327.786346
189,164116.514565
190,260328.394773
191,247736.508855
192,285027.503046
193,97501.348470
194,268416.428897
195,270496.109346
196,160977.074795
197,171911.068982
198,168479.526323
199,204967.194664
200,318502.765780
201,218183.070789
202,246205.515806
203,281755.140937
204,200058.145937
205,51768.953108
206,170157.274946
207,274384.681777
208,222203.973774
209,345813.815301
210,204894.690683
211,121325.153358
212,334707.757223
213,158731.787941
214,158448.320096
215,161948.470007
216,178963.776961
217,226984.753399
218,235430.382797
219,265802.053915
220,185840.696490
221,376445.565576
222,236957.736595
223,77687.709771
224,271314.718277
225,117602.090934
226,232351.287694
227,238561.198982
228,136289.592149
229,276730.379119
230,251127.437474
231,209081.416281
232,201646.354331
233,283124.269667
234,190214.506495
235,101310.474446
236,236832.939635
237,130764.481887
238,392546.606739
239,225871.535329
240,254266.498503
241,147853.016756
242,233078.855898
243,137710.762721
244,290620.118181
245,729519.445539
246,222420.740180
247,340190.757552
248,208285.606112
249,120076.364214
250,281418.936754
251,187938.139677
252,124828.216466
253,96579.404279
254,160536.373874
255,119239.628618
256,133594.318434
257,241870.774319
258,229368.113609
259,164311.632706
260,144992.607107
261,78887.726476
262,223968.145089
263,153027.288135
264,322387.709502
265,235313.754883
266,327303.091485
267,242269.561781
268,298373.604198
269,112604.010475
270,154338.006135
271,84001.809182
272,136308.588649
273,222046.098166
274,230099.160226
275,331693.626224
276,322524.246193
277,159810.221858
278,117397.981051
279,168335.739407
280,234632.656183
281,212761.499746
282,222284.616915
283,227793.315031
284,173096.025746
285,139835.308459
286,158554.979473
287,191096.280791
288,263028.427779
289,116934.820371
290,277395.642518
291,357970.438602
292,230615.658260
293,130297.077111
294,277575.374434
295,284125.944977
296,310400.876038
297,254601.224358
298,194703.221383
299,195239.735084
300,283359.886218
301,105492.240853
302,250208.630384
303,275356.666167
304,304322.794010
305,144901.135899
306,239793.445426
307,428021.853012
308,203579.933853
309,129652.015316
310,241345.502755
311,151114.583612
312,294176.909482
313,191071.273040
314,251572.621440
315,158523.460419
316,168112.445635
317,17971.844445
318,306638.284928
319,289194.598090
320,185166.461523
321,127722.652396
322,77936.967175
323,221337.658517
324,298049.980418
325,196604.375644
326,283536.108409
327,260077.297504
328,181415.962905
329,168297.138893
330,200282.182387
331,125551.299673
332,238781.150128
333,232725.000882
334,229197.829495
335,231363.620422
336,183113.909494
337,167375.449014
338,164471.025950
339,259187.831865
340,107041.199308
341,119910.119134
342,67003.943072
343,247847.585701
344,537986.549204
345,231088.691413
346,279202.015260
347,217623.191765
348,232067.482817
349,132955.164719
350,147881.547414
351,488279.014681
352,360814.148711
353,97793.692298
354,213199.605249
355,82736.226072
356,219686.445216
357,64628.368725
358,317399.458058
359,308966.079506
360,70699.535571
361,260769.106567
362,481406.959694
363,112680.911281
364,212914.611928
365,234966.164996
366,241791.579652
367,115186.675744
368,532080.882637
369,127699.985702
370,252157.848963
371,132706.009088
372,104793.655959
373,234047.246654
374,88030.272721
375,196596.042429
376,249365.468545
377,97907.990416
378,280600.945813
379,196366.204138
380,120816.916516
381,129370.598374
382,76734.816684
383,227208.462868
384,357489.970495
385,326668.190145
386,147360.258141
387,139291.015950
388,148191.869777
389,337098.055447
390,134370.229952
391,233430.694122
392,158193.527292
393,120015.820584
394,310596.972416
395,202278.033524
396,192615.941568
397,207913.130192
398,105457.656866
399,191100.964431
400,351139.540328
401,285933.462651
402,101897.086400
403,237968.515626
404,265516.356351
405,148040.393988
406,289969.829235
407,214367.485388
408,354664.820439
409,246412.837803
410,120194.170937
411,275752.915636
412,382137.072583
413,352810.803401
414,157843.631582
415,198358.355203
416,233801.567699
417,220679.169917
418,220990.379738
419,189989.821507
420,174476.774098
421,258556.451832
422,193896.269303
423,135426.913352
424,232295.203976
425,181648.907590
426,165151.779741
427,64510.398038
428,236327.103831
429,130754.042891
430,167378.803180
431,126600.999511
432,195049.145555
433,192698.611948
434,229056.636258
435,155422.665316
436,217496.448945
437,206817.791787
438,264514.376842
439,343581.191127
440,379906.116389
441,127473.467220
442,86193.497314
443,259711.225106
444,115478.978777
445,159570.295895
446,78806.513728
447,173475.044430
448,502072.771692
449,133942.429687
450,36959.772175
451,194832.698125
452,153201.643633
453,300466.958942
454,120095.201636
455,421333.231248
456,162836.949002
457,241715.663508
458,230748.400690
459,249057.437587
460,165780.660164
461,330112.517469
462,285852.492156
463,225059.882825
464,245906.560625
465,209812.034379
466,204578.696848
467,260577.334118
468,181804.161494
469,-54955.631685
470,106594.160968
471,200282.837696
472,247366.700920
473,244789.944243
474,274730.078493
475,252773.116080
476,202191.515009
477,157341.433700
478,216536.985938
479,591209.643141
480,195428.773026
481,265060.936701
482,110674.092338
483,185983.012643
484,139550.129652
485,197901.167052
486,82625.265836
487,254996.073116
488,239862.742681
489,111489.787690
490,151718.181345
491,297048.623277
492,266729.061108
493,433341.227197
494,229679.133416
495,159890.123765
496,71981.460739
497,331937.627486
498,235115.026784
499,192517.596467
500,169713.831410
501,236443.002360
502,209082.521870
503,344609.056928
504,163867.238805
505,174142.807742
506,109919.192247
507,88968.565055
508,334647.366737
509,278991.454255
510,191324.666945
511,126052.831066
512,201534.892310
513,192857.337365
514,93462.894275
515,197616.423279
516,142518.415743
517,133201.718072
518,145933.107456
519,234932.363678
520,227961.530475
521,207377.408576
522,186239.155129
523,468056.000161
524,384713.083603
525,284912.813917
526,189724.165700
527,205415.650661
528,208968.751581
529,303657.710959
530,342599.442810
531,467916.492656
532,214323.822489
533,274033.081375
534,97615.905070
535,201085.269644
536,262886.007210
537,205294.535622
538,181672.930565
539,125086.750354
540,119572.167641
541,128520.147491
542,126013.354008
543,113744.620233
544,351646.527527
545,251209.908904
546,156402.044977
547,201849.501434
548,176250.705944
549,135000.056609
550,157443.010075
551,213617.752735
552,150932.413195
553,230735.879006
554,132858.469414
555,151889.365375
556,213415.127297
557,169394.178701
558,295743.762413
559,149529.491875
560,238047.924798
561,240790.026852
562,295656.824926
563,122464.396848
564,149830.788166
565,313867.304387
566,168712.298341
567,178018.135698
568,65574.737094
569,87653.968195
570,170648.003047
571,126631.328755
572,17653.764775
573,334610.036701
574,158901.034891
575,84177.658560
576,137352.250532
577,162239.830835
578,218163.777686
579,319396.995625
580,390125.192799
581,204629.392514
582,330045.914428
583,118628.664368
584,281058.625924
585,136784.907374
586,114181.941402
587,143634.532547
588,145081.744227
589,90748.943995
590,240484.384291
591,76343.376484
592,209762.986083
593,153798.181189
594,187586.852088
595,218222.110165
596,111593.766474
597,260490.426678
598,263641.920315
599,252991.583467
600,118148.945960
601,142262.258065
602,131051.439043
603,269584.307653
604,128177.671805
605,30198.207657
606,201552.199933
607,138026.279423
608,144789.389317
609,121609.828866
610,212430.567160
611,224840.149621
612,191953.891021
613,182724.420513
614,177652.259019
615,302473.525258
616,188099.721078
617,212689.326810
618,231671.909470
619,336556.760129
620,216489.385535
621,194910.994258
622,118152.828636
623,122958.574123
624,227261.883478
625,123343.506966
626,253040.482091
627,153000.306921
628,55167.503916
629,96134.515759
630,173655.356104
631,150459.947566
632,219188.602406
633,78800.208022
634,92217.511818
635,71993.611651
636,333776.596120
637,158581.623215
638,227223.770799
639,100025.460176
640,128392.273649
641,89032.804215
642,304407.989940
643,169554.091377
644,243824.925494
645,291201.100026
646,156742.341888
647,155496.385137
648,140646.278326
649,336567.081657
650,409016.771860
651,263115.770440
652,61734.126534
653,225022.828756
654,102845.487544
655,326896.185402
656,508001.450514
657,111060.187678
658,135193.929999
659,196510.749473
660,296256.868558
661,133818.324324
662,200847.277309
663,196982.392701
664,212576.882652
665,183437.281269
666,188308.707890
667,88818.873913
668,321760.312019
669,217044.355853
670,296941.281943
671,156393.118290
672,190504.679267
673,255723.029093
674,147763.478206
675,269698.122201
676,141608.714485
677,340215.616150
678,228074.800002
679,167324.828872
680,252359.180476
681,125522.522039
682,252204.967828
683,192380.752663
684,222569.985803
685,140281.229649
686,116740.080340
687,202437.339311
688,183615.161564
689,235662.973365
690,160447.139154
691,124250.397068
692,227748.477502
693,160770.895868
694,240059.379746
695,75596.406678
696,313422.493860
697,235689.333523
698,234617.969915
699,264257.183252
700,130119.560584
701,112592.447137
702,263924.546566
703,554270.253072
704,172130.306174
705,91203.368797
706,152259.154076
707,119456.754639
708,203759.266589
709,265111.343311
710,114458.413418
711,240888.965469
712,104789.085020
713,238202.325287
714,221411.900977
715,381923.913856
716,207542.622921
717,202285.139115
718,153620.937880
719,106423.740404
720,290477.099754
721,215356.785448
722,182523.652520
723,181032.551681
724,274634.213010
725,100516.397802
726,173226.752570
727,183149.673503
728,290284.169940
729,102085.504355
730,164772.992091
731,255617.872613
732,212548.194590
733,231445.359440
734,263099.015225
735,124535.930439
736,93544.015903
737,516760.337854
738,141168.523837
739,196943.664588
740,255232.572327
741,208415.058611
742,349693.319586
743,94358.059166
744,194426.775473
745,259200.962132
746,552343.883535
747,155897.066665
748,213839.171726
749,167428.931645
750,79298.093014
751,260381.651845
752,108976.830800
753,220381.585362
754,203384.701622
755,189756.670430
756,208321.100102
757,226353.451464
758,147008.466624
759,176236.673372
760,355094.031739
761,203853.033414
762,163509.623538
763,186889.659228
764,128531.101353
765,64758.030243
766,199860.146027
767,597509.696093
768,142476.590181
769,169509.704048
770,118340.620686
771,350965.040669
772,164028.243999
773,317623.542563
774,312129.678796
775,227314.832944
776,300194.170009
777,137799.059368
778,312098.574361
779,149531.876507
780,207618.018532
781,239444.312335
782,230330.580350
783,162102.190176
784,293228.673909
785,191071.032697
786,288646.867769
787,299183.351924
788,138298.639499
789,223304.125180
790,319684.772659
791,216761.243854
792,228460.301436
793,159129.336092
794,78127.038021
795,280921.496149
796,196925.870369
797,195075.103561
798,136880.700787
799,278472.044628
800,123379.345282
801,154030.409684
802,221065.444926
803,188459.838015
804,191008.232037
805,274381.187450
806,196360.899871
807,98616.936401
808,266406.420252
809,70894.372860
810,416414.548135
811,116702.062482
812,333818.666004
813,69526.149000
814,321691.288860
815,286212.393052
816,588333.187107
817,368754.203528
818,326471.979599
819,208616.494578
820,381952.008469
821,233364.508384
822,122222.189085
823,185567.263828
824,205446.781585
825,136672.420776
826,170515.718608
827,195002.587002
828,166167.464251
829,255361.353981
830,191885.097283
831,240570.222825
832,278807.650725
833,205284.612803
834,115633.082148
835,330362.863322
836,248127.730085
837,294972.280035
838,214356.586853
839,231537.114409
840,419893.620287
841,137770.737680
842,237309.259643
843,337045.693238
844,198700.009028
845,241714.059517
846,144537.475729
847,343304.360551
848,92142.901792
849,289854.741908
850,213758.846359
851,248281.911351
852,188102.210096
853,154116.036982
854,350572.851556
855,153379.387780
856,176959.894409
857,206889.392889
858,114566.924382
859,141160.910919
860,191760.632036
861,274910.935198
862,145882.317119
863,191835.865369
864,173888.458441
865,465391.054492
866,104041.371217
867,221342.694592
868,238262.543107
869,309530.168674
870,279826.693607
871,286623.584016
872,162048.316832
873,244714.238262
874,254425.950866
875,254211.624808
876,275265.424951
877,182242.682291
878,184628.437835
879,188691.180735
880,116554.540224
881,227336.639882
882,110756.725926
883,252191.339449
884,160100.979818
885,226594.064452
886,142508.359726
887,148102.820972
888,194775.965119
889,240855.547144
890,272479.373555
891,198996.944914
892,294211.611110
893,191711.837064
894,196271.716972
895,151783.910683
896,295054.574762
897,575587.265358
898,220675.631676
899,101745.024598
900,310553.300460
901,254641.625997
902,306384.965690
903,147275.810642
904,109611.592204
905,213305.941884
906,187691.687444
907,225382.186486
908,124285.692937
909,228595.043545
910,274256.140592
911,114577.901675
912,84366.936846
913,96826.628282
914,221251.721620
915,126685.067418
916,645908.399001
917,359850.312753
918,206632.493895
919,232321.641357
920,256518.279006
921,145922.185844
922,159735.955659
923,227051.234586
924,186565.610973
925,196701.988195
926,229570.272889
927,199790.255100
928,62829.445572
929,191914.846409
930,214240.747422
931,138455.363745
932,247902.831835
933,151932.066709
934,241582.877496
935,170578.685421
936,262750.622264
937,185677.658452
938,188169.274840
939,178879.243022
940,200935.580283
941,244378.528769
942,590856.453604
943,184463.173838
944,239012.102004
945,201853.654733
946,214065.578613
947,178259.167940
948,266512.906899
949,200938.924309
950,206202.588601
951,167644.397508
952,137156.956904
953,177235.194112
954,405735.592321
955,200566.189040
956,290202.729491
957,260994.713841
958,211681.445352
959,87056.568132
960,175991.194185
961,132558.891294
962,124153.599032
963,251336.777256
964,237438.819639
965,234010.247044
966,214726.024375
967,284383.686642
968,437998.091376
969,344361.723594
970,181930.007012
971,120947.792396
972,355864.889436
973,135650.730267
974,218918.030310
975,237343.388108
976,157745.555530
977,123718.853757
978,219068.833289
979,126669.708477
980,115444.186504
981,202332.562124
982,318129.667277
983,183253.335547
984,249791.647160
985,270990.778278
986,99205.438366
987,173644.872165
988,387104.685455
989,116899.051755
990,74682.818678
991,179429.707643
992,286932.575493
993,299082.932816
994,90147.242538
995,131005.909526
996,372159.138293
997,153808.466296
998,157287.665184
999,194163.184629
1000,107721.062821
1001,207212.342748
1002,174695.093651
1003,191276.448989
1004,196825.779484
1005,255659.084089
1006,234039.228250
1007,125830.515827
1008,94524.021841
1009,155738.478850
1010,125343.088892
1011,313085.507451
1012,505940.530672
1013,135597.318297
1014,432350.560976
1015,286785.060353
1016,270179.950064
1017,273391.381675
1018,199827.837476
1019,215983.051942
1020,66015.673540
1021,194138.914203
1022,548309.535290
1023,180563.184637
1024,268550.153960
1025,113162.411667
1026,238328.280827
1027,116185.138028
1028,154802.594245
1029,124743.753373
1030,215886.369757
1031,236651.975282
1032,235770.803691
1033,210985.343625
1034,221608.064991
1035,118056.437714
1036,239076.859159
1037,105325.346231
1038,308035.651491
1039,191217.079176
1040,185068.000392
1041,238926.561303
1042,225589.729389
1043,132674.709051
1044,673012.844028
1045,53529.948242
1046,245134.932625
1047,132233.446228
1048,461654.376199
1049,96073.303875
1050,305989.528647
1051,252879.446077
1052,197910.275522
1053,233776.730739
1054,69339.606758
1055,296235.642072
1056,171780.429168
1057,191910.078879
1058,244869.122091
1059,208060.012053
1060,105624.261271
1061,263133.077716
1062,171771.037190
1063,227763.332856
1064,91934.408109
1065,140210.714667
1066,210994.572182
1067,179401.350991
1068,288115.341791
1069,143218.610728
1070,238544.603817
1071,213451.485042
1072,182786.600411
1073,119424.633211
1074,168019.377275
1075,178160.908291
1076,163043.646322
1077,126258.699732
1078,118689.210341
1079,157513.057479
1080,254534.267845
1081,120488.810527
1082,182039.730474
1083,293846.895613
1084,210741.761507
1085,104432.089403
1086,152541.682215
1087,152099.047973
1088,269939.908356
1089,359337.959634
1090,138515.368945
1091,261153.868542
1092,250532.363467
1093,305281.489010
1094,206155.026768
1095,226223.062048
1096,159189.940358
1097,106140.270162
1098,104020.576976
1099,135246.446930
1100,136700.548995
1101,202407.147571
1102,463400.993529
1103,206113.467410
1104,201631.373413
1105,66095.850076
1106,273796.551095
1107,344708.668524
1108,137390.678614
1109,148698.898866
1110,196767.429556
1111,203703.023810
1112,191919.903829
1113,101829.296255
1114,211259.133220
1115,149928.152635
1116,200502.950749
1117,257622.691171
1118,223171.216359
1119,225573.498749
1120,97940.581528
1121,137696.732061
1122,157817.184511
1123,359089.156623
1124,221838.914191
1125,323557.459301
1126,198283.066518
1127,138772.539451
1128,269313.260985
1129,212888.152877
1130,148019.857571
1131,140511.046155
1132,292655.853796
1133,49596.201782
1134,127099.518227
1135,135760.602962
1136,387097.745243
1137,226253.674907
1138,73625.955347
1139,134939.737877
1140,290027.697955
1141,244361.597294
1142,122926.567649
1143,283895.963073
1144,222272.156430
1145,254563.661839
1146,242288.733506
1147,134563.085646
1148,138714.389867
1149,159650.250424
1150,328300.184345
1151,273909.263618
1152,65806.393461
1153,13267.989927
1154,155647.424474
1155,95387.742956
1156,132246.848849
1157,118244.940544
1158,247046.931901
1159,268656.928587
1160,120263.586683
1161,75344.303703
1162,248125.454953
1163,275788.405556
1164,97553.543140
1165,172862.434260
1166,187609.652257
1167,263678.712494
1168,103156.266129
1169,93731.922753
1170,228115.534729
1171,122669.963378
1172,106620.587288
1173,168705.995407
1174,102519.052238
1175,70711.799697
1176,275037.378654
1177,115067.557637
1178,173885.696035
1179,227218.252820
1180,192825.538166
1181,204293.132519
1182,200714.960812
1183,198347.064303
1184,224556.510253
1185,296986.553653
1186,122998.977009
1187,170429.416603
1188,131944.960552
1189,274454.663127
1190,154617.379301
1191,319929.820031
1192,316788.297863
1193,197762.024379
1194,141797.126969
1195,195384.929810
1196,250213.926250
1197,102129.411464
1198,139809.961424
1199,133608.747093
1200,180978.004221
1201,110733.274323
1202,280555.487491
1203,347687.236621
1204,181408.155309
1205,177271.621440
1206,298400.108500
1207,130168.927360
1208,309129.313147
1209,252489.269741
1210,239029.599418
1211,185608.265998
1212,137593.722496
1213,221478.021728
1214,137679.546773
1215,158012.195440
1216,208952.059172
1217,148111.150791
1218,261839.514786
1219,118566.877505
1220,241141.892605
1221,155906.096318
1222,118911.155811
1223,112413.185765
1224,78615.156157
1225,453701.923212
1226,380031.244920
1227,214006.963124
1228,181079.935642
1229,222542.571709
1230,156589.302740
1231,317420.657382
1232,140984.280573
1233,40115.171249
1234,114330.102822
1235,200823.318613
1236,103442.367205
1237,279662.078035
1238,251011.565149
1239,87931.913760
1240,229366.309784
1241,153611.615731
1242,133730.588326
1243,188008.364136
1244,210215.213236
1245,203734.652091
1246,201320.575650
1247,257706.365991
1248,235046.129904
1249,156975.736714
1250,105032.126190
1251,291064.378235
1252,137978.805396
1253,249181.633104
1254,262598.752627
1255,175754.254407
1256,124902.584041
1257,126464.652525
1258,167874.548591
1259,120856.045839
1260,217561.221958
1261,244970.564411
1262,272134.133729
1263,221360.536179
1264,171210.976873
1265,100523.606782
1266,227042.688419
1267,155158.809836
1268,147046.883550
1269,279927.783141
1270,142963.162779
1271,239230.612979
1272,229486.632965
1273,102955.457844
1274,315429.887749
1275,171489.837302
1276,167392.433755
1277,120710.815207
1278,266980.048836
1279,188789.609981
1280,172629.770189
1281,235886.599330
1282,268098.330677
1283,99285.252889
1284,270760.433811
1285,166510.976237
1286,252618.345595
1287,157366.281706
1288,164675.373038
1289,268417.359300
1290,296331.299836
1291,107837.110966
1292,206730.427021
1293,151318.425315
1294,153660.866355
1295,194565.425321
1296,237391.436557
1297,311877.353022
1298,190795.745131
1299,276775.677026
1300,580510.767853
1301,130261.570680
1302,171047.306862
1303,260955.588681
1304,95270.852130
1305,215554.249669
1306,258624.075703
1307,102827.249990
1308,229001.086158
1309,162563.846989
1310,153559.468506
1311,147648.658032
1312,141013.244846
1313,694814.441610
1314,213323.949537
1315,244803.594993
1316,170640.460160
1317,133289.580138
1318,197557.161233
1319,437496.331265
1320,192856.783699
1321,249339.916401
1322,134033.376290
1323,145963.659664
1324,76154.637667
1325,262940.856960
1326,139860.900775
1327,170477.359659
1328,248738.212369
1329,188733.638056
1330,169877.247543
1331,145736.456200
1332,155472.154352
1333,213916.659657
1334,149747.629908
1335,318590.069785
1336,253417.508774
1337,149472.567237
1338,150103.388015
1339,61804.681104
1340,98204.501442
1341,247000.442219
1342,161031.127982
1343,134607.791093
1344,234519.987147
1345,240276.021302
1346,278848.116604
1347,187549.444609
1348,265131.574627
1349,153559.587465
1350,305081.356468
1351,163584.981486
1352,320136.787940
1353,145496.950015
1354,283611.059149
1355,157959.503298
1356,149508.279752
1357,323044.949005
1358,291934.572841
1359,118315.794376
1360,211402.143251
1361,89426.429998
1362,216412.329904
1363,121975.427724
1364,234719.412422
1365,186633.315887
1366,186710.426300
1367,147586.123293
1368,203412.983202
1369,149007.433672
1370,173457.929288
1371,93782.647184
1372,283018.975559
1373,336304.963597
1374,160740.245295
1375,257010.362303
1376,36292.160854
1377,401059.594918
1378,248198.712884
1379,116832.378193
1380,179109.588034
1381,288044.557029
1382,309665.058226
1383,192781.017611
1384,236054.959039
1385,200125.145968
1386,136218.294858
1387,125488.116940
1388,158338.992618
1389,312293.426261
1390,213149.853280
1391,335736.848341
1392,185343.501763
1393,126138.923031
1394,199602.672327
1395,226345.279031
1396,159984.125248
1397,282465.590601
1398,179146.888426
1399,224506.662480
1400,146960.753894
1401,217212.359796
1402,320529.163960
1403,107147.221120
1404,189280.069990
1405,128728.028551
1406,285429.015900
1407,217033.951545
1408,88239.893581
1409,302403.884099
1410,240249.545440
1411,212835.992626
1412,286501.719029
1413,286501.302574
1414,171676.461440
1415,244205.749656
1416,386609.829028
1417,151614.974418
1418,222351.989154
1419,75752.328387
1420,81993.171435
1421,453703.483465
1422,166217.171936
1423,233819.389679
1424,180307.758883
1425,195464.566231
1426,236255.991410
1427,153528.621151
1428,159164.125435
1429,204149.167995
1430,155213.389501
1431,212951.282426
1432,221254.233457
1433,187399.348010
1434,238958.868782
1435,258208.446617
1436,189664.371508
1437,202062.650764
1438,155299.783365
1439,125602.841098
1440,246780.311844
1441,71174.284504
1442,109490.986957
1443,194972.064362
1444,81643.748917
1445,194612.391596
1446,130890.941096
1447,141144.261541
1448,152280.000002
1449,280175.828491
1450,176210.525958
1451,113123.360364
1452,138779.341870
1453,269362.496800
1454,195399.822820
1455,290275.257624
1456,313568.052990
1457,506966.095586
1458,232624.653887
1459,91431.657985
1460,93970.403512
1461,182156.741176
1462,175266.458525
1463,386702.293366
1464,347894.186159
1465,124614.391862
1466,146672.037841
1467,192921.413631
1468,194713.408645
1469,63029.119082
1470,174014.451727
1471,273552.289006
1472,242967.553445
1473,323609.838805
1474,302252.009682
1475,379517.934777
1476,212573.356290
1477,154641.787199
1478,182715.007443
1479,96229.204037
1480,189189.094019
1481,237778.042003
1482,249086.368623
1483,162803.482179
1484,139364.204645
1485,197415.924221
1486,273529.959286
1487,230227.988761
1488,163862.024659
1489,164708.527702
1490,390386.193277
1491,296065.595138
1492,179258.871438
1493,300329.939251
1494,188669.507794
1495,132944.052548
1496,113513.350193
1497,82413.485398
1498,211355.624517
1499,230709.069513
1500,108800.647752
1501,139323.754956
1502,272354.146596
1503,145710.608693
1504,220648.998744
1505,126231.516854
1506,135671.321526
1507,530484.186724
1508,168099.376268
1509,154253.771483
1510,297136.192857
1511,215477.609778
1512,201465.379308
1513,321212.965953
1514,157274.839185
1515,511163.795567
1516,185547.998677
1517,169888.559185
1518,210077.823292
1519,192690.056199
1520,120699.656137
1521,194111.374028
1522,120687.970406
1523,242768.947708
1524,255243.934673
1525,171283.097506
1526,175355.242788
1527,143852.740076
1528,178836.984035
1529,295062.597412
1530,166346.614741
1531,89985.029862
1532,330491.673723
1533,283112.413988
1534,154177.508034
1535,232776.048795
1536,219336.381548
1537,143847.140615
1538,241437.092775
1539,136767.174563
1540,83504.780653
1541,311396.867312
1542,162437.539290
1543,174105.174758
1544,122141.402279
1545,121271.356520
1546,125113.698539
1547,326345.726512
1548,206867.045868
1549,331242.383909
1550,303456.100820
1551,183065.894562
1552,268702.824507
1553,271326.887137
1554,78446.115002
1555,175586.700085
1556,221441.757556
1557,190276.706455
1558,181880.943656
1559,260751.068188
1560,409929.971658
1561,371332.536331
1562,257138.030888
1563,104390.502909
1564,158354.528883
1565,119086.614448
1566,305550.177195
1567,174312.936889
1568,280308.675361
1569,308563.857812
1570,263400.971142
1571,305112.506252
1572,124074.217955
1573,197949.934132
1574,140648.969482
1575,193997.314000
1576,155657.227479
1577,499254.845510
1578,268530.647979
1579,107717.429600
1580,261358.269804
1581,86293.658605
1582,335621.687215
1583,252067.699474
1584,124556.889583
1585,107898.384543
1586,204256.660249
1587,153996.024197
1588,188673.669423
1589,116531.871362
1590,87437.657784
1591,167309.877860
1592,64877.176084
1593,195415.963687
1594,295503.370583
1595,93866.917564
1596,272986.201570
1597,159678.382800
1598,188057.049871
1599,149853.612456
1600,235284.293788
1601,213861.266456
1602,222796.964442
1603,148381.569449
1604,168784.486145
1605,282091.190498
1606,189656.840914
1607,125656.765489
1608,152628.622589
1609,136749.608501
1610,235315.479059
1611,103475.390883
1612,220161.291768
1613,267542.881424
1614,104197.646492
1615,261706.677221
1616,158465.164305
1617,156433.728115
1618,421144.145577
1619,228599.970124
1620,117514.119029
1621,116146.356705
1622,249926.907316
1623,239055.731883
1624,322361.098682
1625,168343.230415
1626,336193.122177
1627,252085.907045
1628,156239.982221
1629,242931.500072
1630,264244.924942
1631,341897.817059
1632,225312.288680
1633,147519.339353
1634,259755.541678
1635,200668.232619
1636,190030.225077
1637,141067.600057
1638,106753.330008
1639,304960.321139
1640,175930.168094
1641,349465.597361
1642,184828.783004
1643,374775.738908
1644,205495.609013
1645,136216.125029
1646,185598.297853
1647,258872.383014
1648,214661.847217
1649,321172.460701
1650,142948.474680
1651,236888.929523
1652,182053.390019
1653,207181.354232
1654,77234.318737
1655,117648.327888
1656,241290.478818
1657,177698.987288
1658,183175.106885
1659,200901.271528
1660,310571.399715
1661,155230.600377
1662,173950.483876
1663,385756.629123
1664,227439.753249
1665,310025.616928
1666,179463.765531
1667,127842.213754
1668,374138.770735
1669,150661.653658
1670,205649.058121
1671,175060.745773
1672,126026.672344
1673,126827.113178
1674,241513.610817
1675,112649.651150
1676,196488.553937
1677,190431.178940
1678,126500.821032
1679,123661.708650
1680,102881.313431
1681,85820.984162
1682,145743.626145
1683,147783.363659
1684,169286.560189
1685,89783.041875
1686,448311.202818
1687,161951.614133
1688,443032.389080
1689,230124.331611
1690,75934.491277
1691,414146.287784
1692,364787.906750
1693,117734.045280
1694,146057.716913
1695,202832.104147
1696,194117.439623
1697,578295.923149
1698,294548.672559
1699,132497.812518
1700,202615.677354
1701,449412.241206
1702,256940.312975
1703,227615.732161
1704,217618.363752
1705,123576.513131
1706,224999.781581
1707,295122.518215
1708,587921.100480
1709,101888.884913
1710,93053.026522
1711,299133.407498
1712,176282.143367
1713,252054.220275
1714,336451.171614
1715,217186.633315
1716,262686.953740
1717,139348.735598
1718,306913.871451
1719,156753.734696
1720,71631.294559
1721,171516.446471
1722,161461.431899
1723,142818.391911
1724,204778.179925
1725,225629.752229
1726,190136.356947
1727,251842.910092
1728,167126.304281
1729,73276.022828
1730,260920.298626
1731,729657.335772
1732,167025.077507
1733,482520.062540
1734,261516.079879
1735,157394.819125
1736,156101.555583
1737,160557.025119
1738,255648.037797
1739,81985.946800
1740,103055.864968
1741,188060.587642
1742,268777.195599
1743,152197.978607
1744,234053.388870
1745,232093.696464
1746,363392.801325
1747,170974.501734
1748,221716.612594
1749,206548.253574
1750,368278.844039
1751,164237.791926
1752,246532.342716
1753,61517.998283
1754,109433.926115
1755,105098.883918
1756,174021.531327
1757,216114.022818
1758,285353.341234
1759,193030.936979
1760,231490.805960
1761,323044.909275
1762,205147.524880
1763,172274.836187
1764,185967.724685
1765,80000.501124
1766,364376.593626
1767,326760.156513
1768,165316.671999
1769,229118.982452
1770,126986.084770
1771,215260.276365
1772,199359.775195
1773,127641.916679
1774,199111.690469
1775,144731.609919
1776,156995.293321
1777,219630.243845
1778,214026.711737
1779,269764.193611
1780,161090.805222
1781,145205.648233
1782,164363.179387
1783,270384.160321
1784,201764.584165
1785,326665.971073
1786,151862.858816
1787,204054.880482
1788,161009.106511
1789,206833.424740
1790,163019.168013
1791,171253.362828
1792,167859.356381
1793,221935.497981
1794,268776.427132
1795,243833.372211
1796,136343.119320
1797,261622.536022
1798,145125.013433
1799,69677.462623
1800,180045.521110
1801,174655.729944
1802,187040.522111
1803,311463.830487
1804,328842.430051
1805,213532.560992
1806,232208.194565
1807,207621.412755
1808,147878.098401
1809,276938.925625
1810,102904.725197
1811,165185.184291
1812,374218.534214
1813,311352.472240
1814,113689.246314
1815,195570.244322
1816,196613.900823
1817,143548.969767
1818,294168.837849
1819,154523.210311
1820,150692.352088
1821,211325.294780
1822,137018.251647
1823,225473.381194
1824,254425.052023
1825,190345.712751
1826,157697.179040
1827,186148.438259
1828,269410.167442
1829,164083.715866
1830,126964.644493
1831,130464.938133
1832,270419.911672
1833,109978.157717
1834,151602.448244
1835,167034.715267
1836,358775.489740
1837,179572.417552
1838,448224.423528
1839,282300.030983
1840,240948.699961
1841,314185.501511
1842,232115.742116
1843,211598.846893
1844,270897.690250
1845,239136.760507
1846,241836.121550
1847,249049.798819
1848,226446.327673
1849,297460.761235
1850,403941.728581
1851,140275.929395
1852,212907.939092
1853,189595.970146
1854,318411.988950
1855,131284.787437
1856,228320.892688
1857,181215.136877
1858,246570.062566
1859,166316.544694
1860,347485.147729
1861,311269.383595
1862,230207.829384
1863,261667.081925
1864,114001.438396
1865,272298.592357
1866,192245.227621
1867,186953.851867
1868,398953.634239
1869,218990.704314
1870,199804.137226
1871,211619.776356
1872,244825.553433
1873,118410.730039
1874,137572.468061
1875,390604.752435
1876,180334.117478
1877,269270.076987
1878,253051.466961
1879,141027.197977
1880,281497.754603
1881,309918.799168
1882,243156.796836
1883,168705.600599
1884,261903.885971
1885,345683.494303
1886,160236.958625
1887,283592.760039
1888,186214.366949
1889,186416.736574
1890,86703.783242
1891,252133.465014
1892,87340.200148
1893,260859.093208
1894,133097.000284
1895,300286.013933
1896,567870.415345
1897,168447.071608
1898,101138.493649
1899,193014.983463
1900,218743.324423
1901,277302.247007
1902,118084.062440
1903,244900.636626
1904,140543.683408
1905,101854.327133
1906,300976.805866
1907,157840.586806
1908,229460.723489
1909,176362.505951
1910,91367.824114
1911,392662.161925
1912,195804.061319
1913,244801.070675
1914,178854.799332
1915,258446.530208
1916,107139.301297
1917,173961.339530
1918,258954.081689
1919,98598.205408
1920,294392.042839
1921,461422.123404
1922,105560.590933
1923,115646.502421
1924,246863.122748
1925,264341.819140
1926,367139.720225
1927,324958.475311
1928,221164.994504
1929,222967.303487
1930,289409.098357
1931,237448.900467
1932,126572.216890
1933,112700.055870
1934,254495.232442
1935,140934.972223
1936,154254.716881
1937,337582.761766
1938,114629.567895
1939,183560.979961
1940,198485.419331
1941,95753.928230
1942,237382.610399
1943,251811.242630
1944,276995.999634
1945,255065.779146
1946,262765.460760
1947,183141.719268
1948,155345.917692
1949,130913.605656
1950,357803.192612
1951,223887.955999
1952,276624.917884
1953,205371.994405
1954,161829.876845
1955,179087.821850
1956,207798.888455
1957,134588.336154
1958,174760.355689
1959,164040.085643
1960,144381.438859
1961,206818.717489
1962,275408.026501
1963,113436.665258
1964,224253.666992
1965,199259.800930
1966,333111.239066
1967,100513.440099
1968,278669.001639
1969,287501.563360
1970,116192.245102
1971,234716.482802
1972,233086.457446
1973,126804.492161
1974,166864.621055
1975,142025.603638
1976,138210.492357
1977,329193.261406
1978,282950.059116
1979,99381.588870
1980,253894.929144
1981,190969.403782
1982,180294.861766
1983,184368.281717
1984,265090.365498
1985,275796.289504
1986,188947.064373
1987,535991.994786
1988,463624.537147
1989,174426.545764
1990,178158.110181
1991,238011.537466
1992,56121.288865
1993,314188.457687
1994,197872.409139
1995,246879.242644
1996,317539.298432
1997,200690.700885
1998,71340.762764
1999,189782.483330
2000,218750.263415
2001,188204.714320
2002,148593.313826
2003,134938.491397
2004,285076.767715
2005,63981.969081
2006,241151.747759
2007,162862.489559
2008,277680.599973
2009,264319.348068
2010,313384.038836
2011,260998.832417
2012,111634.578558
2013,141038.665484
2014,235968.866181
2015,166737.468332
2016,177196.130508
2017,89924.492521
2018,299090.641821
2019,53564.180361
2020,255727.367325
2021,155565.540400
2022,190660.942745
2023,225116.764668
2024,151456.297463
2025,203875.418507
2026,282408.326693
2027,195934.103485
2028,174566.061069
2029,86422.889830
2030,133245.528722
2031,176301.554359
2032,315401.248853
2033,202814.997187
2034,94943.783142
2035,259291.843400
2036,168242.010559
2037,157296.500673
2038,135267.122366
2039,221564.557828
2040,164657.702255
2041,183685.116354
2042,160390.274125
2043,185747.694761
2044,246065.077645
2045,251234.171093
2046,169025.867262
2047,142929.870955
2048,168141.368959
2049,193089.381278
2050,196676.592981
2051,156617.282982
2052,263125.776037
2053,198441.002359
2054,164778.067284
2055,271066.937798
2056,290454.101574
2057,216879.724406
2058,224898.744050
2059,125216.801175
2060,356963.043820
2061,219071.592530
2062,123730.088924
2063,144789.727173
2064,397678.956801
2065,181029.806913
2066,194480.991058
2067,211241.749339
2068,250796.312293
2069,210696.615349
2070,126058.803278
2071,260153.053174
2072,153420.191300
2073,239497.014369
2074,263147.738947
2075,150864.936882
2076,217726.911209
2077,108978.144544
2078,99753.314717
2079,234679.399074
2080,219911.003356
2081,267942.360767
2082,88195.713238
2083,158636.040079
2084,170703.742137
2085,226690.790400
2086,243839.181138
2087,150790.526264
2088,171231.385290
2089,133679.146524
2090,113686.828887
2091,87076.275746
2092,84791.552280
2093,125656.734431
2094,270656.393024
2095,264567.403601
2096,79292.979555
2097,259055.483567
2098,108600.870743
2099,122375.333881
2100,317833.960008
2101,92486.973477
2102,87691.648858
2103,295097.986542
2104,105133.400298
2105,175432.362867
2106,481655.147086
2107,142625.184389
2108,273609.196763
2109,194968.790048
2110,221330.895324
2111,272719.291972
2112,119322.776529
2113,207805.618848
2114,163180.526747
2115,218921.037877
2116,13536.228893
2117,221151.570810
2118,194170.334030
2119,220457.519569
2120,196445.790528
2121,276830.769097
2122,173575.386027
2123,131123.818303
2124,140243.542275
2125,103040.706554
2126,220719.429528
2127,120536.239915
2128,156833.385995
2129,270914.999630
2130,81174.708797
2131,157184.118030
2132,174879.467711
2133,257343.322894
2134,145512.635511
2135,144163.541010
2136,71996.086040
2137,77631.920958
2138,322915.504981
2139,205500.482284
2140,116003.285390
2141,332291.609507
2142,84221.189520
2143,166949.461695
2144,240984.302944
2145,230607.891002
2146,132308.934783
2147,227878.475634
2148,458340.916588
2149,191811.668448
2150,237711.715084
2151,174219.967257
2152,87649.436729
2153,221562.756775
2154,222546.629268
2155,138162.083832
2156,170862.675359
2157,205945.039482
2158,162685.493090
2159,713736.123130
2160,161922.196038
2161,100360.947021
2162,574294.726509
2163,249889.052245
2164,91278.495207
2165,132804.732547
2166,140909.986661
2167,114941.731581
2168,155043.247218
2169,258652.265608
2170,164520.609532
2171,219144.164310
2172,261909.896757
2173,145007.821547
2174,154424.227328
2175,287050.106680
2176,403710.628212
2177,228769.143519
2178,118755.311817
2179,89386.891454
2180,181994.741717
2181,104738.254005
2182,14214.969172
2183,101694.167670
2184,222204.962680
2185,143800.591196
2186,152576.499232
2187,113753.484605
2188,212254.055119
2189,270620.217859
2190,128837.626140
2191,188954.837605
2192,243181.969017
2193,156322.218224
2194,172838.951984
2195,238053.617295
2196,235068.709612
2197,119563.203000
2198,271816.629356
2199,88814.929489
2200,259916.479126
2201,377342.564288
2202,154557.440772
2203,182535.699280
2204,243384.212757
2205,245064.835560
2206,167060.778584
2207,158352.164532
2208,134102.790766
2209,102999.489725
2210,144779.363521
2211,154711.023109
2212,129954.688075
2213,230243.009550
2214,192589.937555
2215,157198.861930
2216,180778.752589
2217,136036.933319
2218,323458.959137
2219,163241.281251
2220,380369.290099
2221,195391.760339
2222,215462.150388
2223,153211.610366
2224,69174.407064
2225,154412.179131
2226,288633.638118
2227,106830.635782
2228,397394.809725
2229,176589.795327
2230,260062.366796
2231,123745.772440
2232,157101.467640
2233,202372.113888
2234,190086.207290
2235,133851.036094
2236,141386.539748
2237,137596.438161
2238,139196.417410
2239,232136.264168
2240,182365.463246
2241,357537.153304
2242,245004.408752
2243,184221.590572
2244,161684.556989
2245,131859.748829
2246,67822.746634
2247,190213.352126
2248,137840.277701
2249,235697.988760
2250,148521.705765
2251,173115.665326
2252,441617.929018
2253,339157.500735
2254,245190.477300
2255,286107.023963
2256,267161.846946
2257,119185.614921
2258,150396.827234
2259,235085.318317
2260,113841.844777
2261,295855.203546
2262,147267.286348
2263,313286.152887
2264,113220.952433
2265,195582.844184
2266,146650.473247
2267,243717.998763
2268,238525.503776
2269,177906.964911
2270,137462.706295
2271,296087.853813
2272,106000.512951
2273,416537.116387
2274,232527.866626
2275,303984.325903
2276,136117.403969
2277,112494.656131
2278,250052.681132
2279,197802.078441
2280,241276.047262
2281,190547.901071
2282,251349.559835
2283,330566.110679
2284,234800.580201
2285,211662.751196
2286,110909.266342
2287,261912.563416
2288,152341.344856
2289,283745.134639
2290,192647.435121
2291,341148.779806
2292,308065.825519
2293,327864.674833
2294,239914.503170
2295,151015.208159
2296,287126.848368
2297,357636.406846
2298,158666.438437
2299,280872.258189
2300,163546.223842
2301,126318.819014
2302,102059.979722
2303,232728.250694
2304,267061.651643
2305,258392.994005
2306,148706.874567
2307,538959.143212
2308,81495.281244
2309,205272.826010
2310,256816.581393
2311,121265.537803
2312,320784.991161
2313,270323.741544
2314,306114.100285
2315,171238.977666
2316,251471.133267
2317,163735.258090
2318,263660.335325
2319,121164.550439
2320,318187.340980
2321,228791.004421
2322,276396.721952
2323,93835.230778
2324,219991.189929
2325,204337.841915
2326,222277.693102
2327,223571.356391
2328,67619.236970
2329,226137.042234
2330,160180.341793
2331,273097.096593
2332,200144.353431
2333,227730.848665
2334,130110.076008
2335,245626.595911
2336,185357.239677
2337,357925.637111
2338,200637.337601
2339,149211.575263
2340,294922.448720
2341,229995.662036
2342,200946.716021
2343,216643.845117
2344,257043.515053
2345,258079.603228
2346,221505.183718
2347,180983.529713
2348,315726.643019
2349,293597.768775
2350,223123.865546
2351,335191.395170
2352,158541.917625
2353,510944.280127
2354,282797.024546
2355,222177.620733
2356,423037.337829
2357,240557.538757
2358,261489.495340
2359,99597.774643
2360,245745.683270
2361,272891.182444
2362,137034.168777
2363,134682.237008
2364,227713.342572
2365,100140.285993
2366,357708.554060
2367,265312.173130
2368,171792.500768
2369,224468.009869
2370,270619.401108
2371,194277.456730
2372,244358.868653
2373,264093.650217
2374,84869.451882
2375,239909.487495
2376,261801.404635
2377,266937.864634
2378,255448.529675
2379,167909.308527
2380,328096.224315
2381,226009.805008
2382,176910.189447
2383,173084.759661
2384,99777.457792
2385,118388.987947
2386,136052.127453
2387,229773.860663
2388,137205.040860
2389,149312.671701
2390,240721.151993
2391,275764.723298
2392,198632.303039
2393,188066.080249
2394,277898.393095
2395,85634.907467
2396,253938.084284
2397,120751.252768
2398,218178.388067
2399,129737.171077
2400,138935.005589
2401,173313.998997
2402,179745.421906
2403,219122.803461
2404,158186.617090
2405,166740.954429
2406,125053.055388
2407,324472.970079
2408,186377.989774
2409,227533.129416
2410,268191.833731
2411,146847.226337
2412,256832.055797
2413,183391.969457
2414,324654.574935
2415,186406.160427
2416,249883.637862
2417,254845.728889
2418,196883.088919
2419,349643.040324
2420,233422.276956
2421,311169.028787
2422,210852.578337
2423,111649.745820
2424,193233.985056
2425,93094.082909
2426,184265.075327
2427,121587.745532
2428,210473.802209
2429,164106.491999
2430,228338.757760
2431,314081.857305
2432,237647.300384
2433,132191.563114
2434,220602.450154
2435,197897.574598
2436,192989.777084
2437,199412.606146
2438,175298.754379
2439,259173.022089
2440,215861.984231
2441,254672.115933
2442,502392.342145
2443,196652.338515
2444,162437.442790
2445,152036.309613
2446,17538.885682
2447,199293.648735
2448,230881.905359
2449,358983.495999
2450,73024.628782
2451,26542.454508
2452,163879.799858
2453,202527.788402
2454,183742.451834
2455,215532.676025
2456,138124.680918
2457,168575.358541
2458,215831.951573
2459,307581.350323
2460,321800.223332
2461,288414.186328
2462,148029.525200
2463,143949.784793
2464,205265.084001
2465,222684.497457
2466,216667.289051
2467,337486.569361
2468,112905.869039
2469,197240.990680
2470,239082.950272
2471,206790.752314
2472,222026.774822
2473,104592.105673
2474,269307.850917
2475,34709.784040
2476,137569.651685
2477,248749.783467
2478,222374.244566
2479,111151.679861
2480,202791.810961
2481,171119.951867
2482,220187.692760
2483,176808.908738
2484,200775.476365
2485,162398.751607
2486,197568.162996
2487,322494.213106
2488,148681.811286
2489,235239.288208
2490,296764.679012
2491,204613.735417
2492,233469.081023
2493,157010.683318
2494,120331.890003
2495,176895.943622
2496,129402.546941
2497,182455.697628
2498,195191.272460
2499,244360.718675
2500,113220.233453
2501,284262.092168
2502,407623.347511
2503,236307.577774
2504,226001.850364
2505,179046.208000
2506,158115.987856
2507,193533.934037
2508,193530.529599
2509,127002.590713
2510,241393.283420
2511,389872.986045
2512,319738.060551
2513,169778.383446
2514,126486.383500
2515,228307.841601
2516,223049.481560
2517,121081.467682
2518,241892.659317
2519,222943.444472
2520,98683.152265
2521,225444.387480
2522,135462.675283
2523,230893.900601
2524,260183.585688
2525,110639.135763
2526,330641.463174
2527,364053.834269
2528,139569.218513
2529,95763.591186
2530,142344.486457
2531,267940.704024
2532,151700.680681
2533,145381.481090
2534,305615.142479
2535,131760.338692
2536,120468.287928
2537,240470.663742
2538,201578.673899
2539,178805.306620
2540,205816.329845
2541,206114.251454
2542,307059.618139
2543,187888.099918
2544,320707.377673
2545,314237.508536
2546,334425.240461
2547,224838.461736
2548,142956.339846
2549,238414.395655
2550,273258.967012
2551,177135.347814
2552,174393.626503
2553,188882.159628
2554,251949.203738
2555,188434.097553
2556,119961.329788
2557,234167.942729
2558,244211.155116
2559,242429.293246
2560,160553.378041
2561,246384.075565
2562,143701.322334
2563,274985.612409
2564,143100.762294
2565,189167.638589
2566,-223929.800548
2567,197365.850860
2568,304135.265805
2569,226081.774068
2570,163795.346848
2571,112396.712917
2572,250999.456872
2573,150896.632571
2574,226468.854644
2575,114574.515527
2576,183540.020505
2577,94174.523425
2578,214236.563490
2579,217630.261777
2580,477046.369497
2581,92594.234219
2582,64197.457748
2583,79697.335686
2584,442759.876431
2585,215680.152912
2586,284852.564089
2587,292338.285775
2588,113453.051422
2589,178743.143071
2590,154959.028521
2591,216661.619822
2592,211067.212819
2593,261288.758105
2594,206407.419305
2595,322802.093945
2596,138978.247248
2597,235374.113418
2598,315667.454385
2599,172184.352120
2600,165948.391215
2601,178278.992223
2602,137544.151235
2603,228513.307829
2604,203360.382133
2605,161285.829538
2606,135213.649119
2607,127008.206926
2608,212172.974107
2609,182637.958981
2610,177674.998834
2611,175681.749104
2612,108818.629609
2613,289833.763245
2614,112201.430360
2615,171973.474799
2616,221174.785867
2617,61892.188614
2618,293832.620657
2619,357542.078255
2620,284977.029062
2621,302459.586458
2622,233182.376808
2623,82661.744727
2624,417648.388978
2625,211533.720276
2626,126615.468737
2627,234702.103966
2628,266585.630788
2629,226376.001495
2630,179010.759060
2631,195029.468849
2632,122125.178792
2633,228114.266929
2634,161870.037490
2635,115792.040724
2636,121778.619199
2637,165836.449750
2638,249315.752979
2639,357859.845666
2640,247688.740590
2641,398871.597414
2642,190964.368496
2643,190914.819404
2644,140573.044191
2645,113632.869986
2646,120602.241680
2647,102333.418164
2648,133730.472694
2649,224880.310783
2650,168214.120046
2651,150316.214590
2652,211918.200900
2653,288301.983873
2654,99248.745584
2655,110962.164390
2656,197569.569015
2657,197440.733909
2658,148114.298470
2659,133946.118921
2660,102986.632419
2661,241664.416037
2662,407669.721967
2663,239681.430267
2664,203347.399327
2665,210393.770372
2666,167915.907512
2667,153613.600961
2668,281682.185802
2669,199163.434710
2670,86123.979588
2671,351492.103185
2672,106543.743193
2673,150177.420442
2674,191990.811836
2675,96358.440337
2676,210672.813677
2677,535855.406563
2678,155964.905311
2679,313434.936211
2680,380773.104555
2681,363885.795338
2682,255208.486869
2683,197238.320544
2684,368950.680929
2685,182589.846545
2686,222497.797530
2687,224940.318311
2688,202817.986061
2689,173147.017843
2690,203321.065905
2691,216778.099298
2692,137356.305519
2693,235738.333518
2694,93955.634279
2695,141193.054895
2696,208376.048184
2697,98851.997510
2698,232687.435935
2699,100509.239509
2700,269335.920896
2701,329794.307523
2702,200400.666456
2703,247629.590218
2704,272208.051085
2705,213042.718264
2706,190938.015048
2707,248382.876355
2708,136744.679131
2709,84032.477655
2710,128005.481766
2711,290787.093137
2712,306683.892448
2713,104994.885895
2714,278507.964104
2715,171865.563810
2716,139495.391087
2717,270099.789118
2718,192583.821951
2719,211361.859274
2720,225720.974331
2721,89166.168667
2722,238914.462890
2723,227421.124472
2724,173660.910291
2725,171924.542673
2726,185995.025152
2727,220283.819641
2728,183426.315194
2729,211988.623371
2730,245957.142575
2731,211626.789615
2732,234294.156428
2733,187729.113690
2734,185806.699017
2735,173572.734625
2736,248862.620433
2737,212623.649550
2738,182672.605332
2739,234958.051371
2740,240259.677026
2741,325841.662486
2742,116236.557876
2743,-8107.076733
2744,85533.488202
2745,203888.106723
2746,196054.546160
2747,195891.814119
2748,301032.084071
2749,169878.485926
2750,240300.191720
2751,311431.318911
2752,290411.295843
2753,198540.049827
2754,376351.706613
2755,251163.971097
2756,230224.728192
2757,385436.767751
2758,432439.749581
2759,118539.668549
2760,221904.552765
2761,139200.275176
2762,152319.843322
2763,304219.149691
2764,166935.651232
2765,241532.381155
2766,126155.077543
2767,237378.287073
2768,415668.592037
2769,257564.364771
2770,303979.703425
2771,79122.985688
2772,214004.262812
2773,138188.181658
2774,230176.499314
2775,217077.132205
2776,106190.453656
2777,233231.457982
2778,252295.759519
2779,156119.349557
2780,85982.939745
2781,156299.070282
2782,123349.805033
2783,187833.470651
2784,372817.002924
2785,155121.860600
2786,171421.264905
2787,304152.921961
2788,236320.875579
2789,237478.012590
2790,360460.708030
2791,316584.126526
2792,304301.935277
2793,225059.158761
2794,168653.899840
2795,143368.813443
2796,199931.143741
2797,140600.928740
2798,125875.438491
2799,199402.119986
2800,192687.941897
2801,341643.884537
2802,301661.102785
2803,274093.088000
2804,177092.900256
2805,215045.036896
2806,152819.047327
2807,195086.557304
2808,160287.496527
2809,259798.310271
2810,289902.615222
2811,133873.999388
2812,255378.732140
2813,138280.188287
2814,145254.063966
2815,279278.624123
2816,240810.235803
2817,326327.031639
2818,240741.184306
2819,162400.113636
2820,305805.545928
2821,237313.205552
2822,182222.102865
2823,203854.948201
2824,185351.970928
2825,286612.747717
2826,90706.868788
2827,40485.759773
2828,73955.319979
2829,81134.622490
2830,231056.526744
2831,212647.465217
2832,139088.956480
2833,121159.175181
2834,114019.245420
2835,241798.061804
2836,74923.554809
2837,51881.141373
2838,263165.146098
2839,103030.375537
2840,132476.816809
2841,125654.103793
2842,155428.694818
2843,177184.022707
2844,230376.883852
2845,157188.944502
2846,154145.528666
2847,97673.628104
2848,235890.756002
2849,119574.075887
2850,221021.815902
2851,180248.122519
2852,105671.766876
2853,148515.262397
2854,178083.256157
2855,226891.391592
2856,385060.316548
2857,286595.507112
2858,325458.955309
2859,203424.655133
2860,456392.200757
2861,57263.939377
2862,242956.612307
2863,32253.788875
2864,261440.110985
2865,351556.723849
2866,225603.768326
2867,225725.622694
2868,265859.350875
2869,235614.022829
2870,490961.614875
2871,142699.685695
2872,121800.841465
2873,108425.418477
2874,154332.865520
2875,120791.935353
2876,250639.909467
2877,326606.842554
2878,83396.937103
2879,210019.219110
2880,109539.407636
2881,104600.938344
2882,115504.204156
2883,106329.697636
2884,305478.808096
2885,169936.616619
2886,390854.449914
2887,215210.526188
2888,32159.032396
2889,130010.826970
2890,235097.006801
2891,170573.525456
2892,104546.937825
2893,263879.425879
2894,175179.919019
2895,166322.088671
2896,113860.957038
2897,114265.849611
2898,262667.314551
2899,170803.409029
2900,243272.322840
2901,125667.835246
2902,177822.577990
2903,214900.550907
2904,192956.039091
2905,237117.118266
2906,158235.568589
2907,165711.707344
2908,200118.810957
2909,371524.235818
2910,287179.424304
2911,85923.918765
2912,242410.384490
2913,258737.432132
2914,161288.994091
2915,114528.044615
2916,271930.959460
2917,227757.175572
2918,172530.180895
2919,272777.780548
2920,244514.733045
2921,325386.633447
2922,206032.325596
2923,116141.661889
2924,218564.459577
2925,203948.898861
2926,221870.712839
2927,127270.167993
2928,113293.703179
2929,209705.850605
2930,120433.337028
2931,317989.764513
2932,86700.758519
2933,106874.796145
2934,173595.581824
2935,198011.189898
2936,290120.421633
2937,152524.580221
2938,296604.771020
2939,57440.571279
2940,301958.768339
2941,116837.654124
2942,198537.861649
2943,157546.358705
2944,298181.648696
2945,132154.564822
2946,130248.814104
2947,231264.748182
2948,294139.180796
2949,156952.454133
2950,142596.267561
2951,109077.104686
2952,155130.874236
2953,209567.771885
2954,215189.874969
2955,92456.355960
2956,168996.297011
2957,69534.245086
2958,299935.722920
2959,364731.308122
2960,292792.170622
2961,470950.613361
2962,401570.789614
2963,247024.713033
2964,258933.850638
2965,188025.706535
2966,305877.592576
2967,190195.143874
2968,377713.562272
2969,150210.849806
2970,149047.507914
2971,113703.669112
2972,166778.006858
2973,128957.944349
2974,143926.248647
2975,213008.514449
2976,292042.192158
2977,286818.777195
2978,156650.243947
2979,227365.499001
2980,95575.256620
2981,229313.740925
2982,261695.484470
2983,172596.326086
2984,144867.091832
2985,370752.333915
2986,245895.785694
2987,180454.529659
2988,258003.075373
2989,94549.237171
2990,236255.413392
2991,319222.322637
2992,106403.209976
2993,176486.664201
2994,248494.008518
2995,293175.008411
2996,120501.998382
2997,255902.062440
2998,238995.938441
2999,179085.709748
3000,125244.403409
3001,155070.870707
3002,89471.252884
3003,306129.420506
3004,193146.119488
3005,310167.892546
3006,142279.414704
3007,151742.489475
3008,145976.163827
3009,144029.269589
3010,140589.800818
3011,320011.055219
3012,145891.204455
3013,165405.509321
3014,289965.648962
3015,298669.541126
3016,149499.672752
3017,119079.530424
3018,289099.198788
3019,218241.123584
3020,137043.547669
3021,281593.734033
3022,351604.991272
3023,251163.754586
3024,209644.684819
3025,245009.904009
3026,259896.910510
3027,256150.200567
3028,204491.706509
3029,602839.043324
3030,302802.351431
3031,121025.994233
3032,290076.162206
3033,232573.684739
3034,113400.241593
3035,248920.705958
3036,121369.231101
3037,250539.098517
3038,257238.357795
3039,165909.073194
3040,192358.313123
3041,184787.589137
3042,171348.013396
3043,216625.293350
3044,428166.902223
3045,137075.290973
3046,56621.877128
3047,144740.701715
3048,326854.751664
3049,114406.133535
3050,230904.459773
3051,384590.337149
3052,158133.357265
3053,191784.379163
3054,210378.314234
3055,120446.083176
3056,191916.832689
3057,238601.763229
3058,181523.351739
3059,108379.010425
3060,228215.286482
3061,261083.107049
3062,102925.609983
3063,147781.923768
3064,225428.860730
3065,330250.778776
3066,387872.665480
3067,264260.647489
3068,245143.916767
3069,131393.235005
3070,186949.196318
3071,240861.314838
3072,276707.058475
3073,121600.294598
3074,97226.053965
3075,222215.890867
3076,156549.690956
3077,128386.351153
3078,276167.180848
3079,313283.403238
3080,130430.873695
3081,281662.778599
3082,174647.880989
3083,127169.942311
3084,118902.780847
3085,139197.067588
3086,536550.288360
3087,185916.097181
3088,284092.954238
3089,199728.407609
3090,100760.738734
3091,82787.110966
3092,152223.987081
3093,156312.827232
3094,78827.819276
3095,102948.237496
3096,225409.001687
3097,116735.948981
3098,205034.221546
3099,169273.637266
3100,160379.217075
3101,209148.686109
3102,132870.481181
3103,124945.831658
3104,315056.984526
3105,171605.639862
3106,210082.145509
3107,108690.919990
3108,465802.978817
3109,220244.066858
3110,263142.058641
3111,119769.804416
3112,264423.230823
3113,256332.305764
3114,206316.979770
3115,263150.459494
3116,356948.337166
3117,351953.738552
3118,385521.809791
3119,200249.275931
3120,315352.341632
3121,313880.738822
3122,144241.986988
3123,146444.142188
3124,160325.361330
3125,474890.901046
3126,217817.145842
3127,210353.229344
3128,183132.141081
3129,272232.973200
3130,168941.797012
3131,119253.388736
3132,295684.259076
3133,249694.458652
3134,358844.028170
3135,316402.061504
3136,234980.342853
3137,139692.515097
3138,201520.909777
3139,156724.841500
3140,331048.874131
3141,181297.988147
3142,246523.764014
3143,160873.113784
3144,134228.443710
3145,232854.831567
3146,205221.213413
3147,245140.383692
3148,41449.089391
3149,418949.814006
3150,115716.674704
3151,151543.344463
3152,199375.989891
3153,147606.280136
3154,689751.823388
3155,189392.752725
3156,137134.093658
3157,98915.173836
3158,284657.135652
3159,114586.259372
3160,218856.755137
3161,141613.168167
3162,151993.346411
3163,122260.868654
3164,182533.678311
3165,276074.964269
3166,209593.236786
3167,87423.530980
3168,89615.411454
3169,161128.830518
3170,157396.772244
3171,231383.516164
3172,136500.090747
3173,126232.031605
3174,248818.569778
3175,87717.210580
3176,196948.559384
3177,282018.303676
3178,133930.208938
3179,150389.625731
3180,251795.146444
3181,191191.513728
3182,227559.555223
3183,244577.740310
3184,193052.832700
3185,84575.767863
3186,174480.618247
3187,256617.696577
3188,135922.685358
3189,278593.300480
3190,155072.647408
3191,207452.249271
3192,272539.854179
3193,165474.382896
3194,242335.685657
3195,78121.847748
3196,246975.772508
3197,143154.756370
3198,130028.355314
3199,217816.448421
3200,82711.165285
3201,170632.535341
3202,207457.840063
3203,452711.210497
3204,199223.704678
3205,379137.714831
3206,192302.206107
3207,167684.426468
3208,109775.841711
3209,145255.150349
3210,-850372.061049
3211,340959.772476
3212,284731.706853
3213,211062.172153
3214,233655.524682
3215,229022.094863
3216,76418.827850
3217,328648.690271
3218,178501.761283
3219,398648.631669
3220,254520.805079
3221,585093.135197
3222,135980.593047
3223,272264.165054
3224,216861.606787
3225,247161.325925
3226,178064.766245
3227,173059.852103
3228,302879.945359
3229,575164.218246
3230,157536.093247
3231,47146.308846
3232,171517.432487
3233,85393.794188
3234,85436.823998
3235,254437.204368
3236,162059.394067
3237,187304.480550
3238,391965.226660
3239,200180.581706
3240,145144.235978
3241,126318.711125
3242,229791.379238
3243,104377.061586
3244,381829.478020
3245,160431.891781
3246,169110.196648
3247,682628.887127
3248,222555.614086
3249,188230.810235
3250,220220.087742
3251,253986.992495
3252,107737.885896
3253,117907.555781
3254,367127.873349
3255,235166.066417
3256,80827.383366
3257,334047.456022
3258,200619.027181
3259,319414.649989
3260,224974.883811
3261,208025.652885
3262,219121.064647
3263,226859.158938
3264,213200.302051
3265,93948.408761
3266,214280.635231
3267,270149.805248
3268,250685.472656
3269,218410.521837
3270,187854.385069
3271,161013.952161
3272,282369.504908
3273,235482.753064
3274,330075.427941
3275,230458.050849
3276,104466.475339
3277,132618.337259
3278,135372.688917
3279,456691.166474
3280,203599.766927
3281,210482.997778
3282,462151.170287
3283,325155.434373
3284,545252.195652
3285,204643.592798
3286,182049.738163
3287,221401.735852
3288,154722.072473
3289,105546.639130
3290,146453.601833
3291,165617.842992
3292,131829.784938
3293,258343.994286
3294,351029.572565
3295,359518.382296
3296,160742.277677
3297,321096.898114
3298,219617.581957
3299,206442.310850
3300,133236.681605
3301,337052.652833
3302,203075.970996
3303,314800.650982
3304,297048.440753
3305,153397.608416
3306,227866.950827
3307,184742.270131
3308,279343.834495
3309,307379.276085
3310,235074.895260
3311,198709.799750
3312,157665.322045
3313,201425.107060
3314,254283.868654
3315,114778.526194
3316,204352.904094
3317,159969.378181
3318,200858.526943
3319,81926.734180
3320,99482.021899
3321,125910.771756
3322,132159.449869
3323,206442.295943
3324,129659.389442
3325,192281.869171
3326,136202.732419
3327,291887.261845
3328,145138.997861
3329,111648.447867
3330,130066.635492
3331,223001.436485
3332,245899.673455
3333,77625.372723
3334,135265.933645
3335,182274.972859
3336,224472.996687
3337,87969.805627
3338,173002.145592
3339,68644.448023
3340,95044.815150
3341,152491.657525
3342,127884.161881
3343,227466.846382
3344,104548.008841
3345,128658.737712
3346,200123.859286
3347,96580.029576
3348,161357.039073
3349,64551.147857
3350,143769.683226
3351,141474.803806
3352,154492.854007
3353,176119.317387
3354,161356.969805
3355,112759.412526
3356,138360.908389
3357,311731.132294
3358,160249.931846
3359,156443.494051
3360,106167.655019
3361,154824.864934
3362,178225.161281
3363,305313.281825
3364,197877.311060
3365,185332.871761
3366,284499.069625
3367,116270.326125
3368,192927.195342
3369,302160.019391
3370,414619.301744
3371,436006.369500
3372,229772.355178
3373,133262.885249
3374,238988.950476
3375,279988.201132
3376,208256.832853
3377,275238.232495
3378,257408.173495
3379,214881.027769
3380,145147.836637
3381,260314.634478
3382,177767.606259
3383,136489.548929
3384,106918.724401
3385,126569.621357
3386,223533.669040
3387,266901.040881
3388,361257.800429
3389,191039.962007
3390,331686.487449
3391,258646.768486
3392,151552.453370
3393,320483.961215
3394,226292.527319
3395,139135.515359
3396,261751.377673
3397,257265.156413
3398,216696.005833
3399,204567.485689
3400,267834.125998
3401,200043.334084
3402,148737.330500
